,Penalty,Battery Penalty,Reward,Total
0,2.293275029518351,2.964112035802308,29.12559175491333,34.38297882023399
