,Penalty,Battery Penalty,Reward,Total
0,2.3357977916812125,2.0422729947167264,18.735655879974367,23.113726666372305
