,Penalty,Battery Penalty,Reward,Total
0,2.1088619640318123,2.5121703127052024,24.456179809570312,29.077212086307334
