,Penalty,Battery Penalty,Reward,Total
0,2.568356967307637,2.887984305869297,28.23957691192627,33.69591818510321
