,Penalty,Battery Penalty,Reward,Total
0,2.4411620921596096,3.950569246505664,41.19638290405273,47.588114242718014
