,Penalty,Battery Penalty,Reward,Total
0,15.113107195936115,5.258885143953227,37.10968850851059,57.48168084839993
