,Penalty,Battery Penalty,Reward,Total
0,3.3504537488568915,5.686625888011048,53.70063562393189,62.737715260799824
