,Penalty,Battery Penalty,Reward,Total
0,4.883367869704312,3.780060598215081,32.61007595062256,41.27350441854195
