,Penalty,Battery Penalty,Reward,Total
0,5.054697684842056,4.335301753672124,38.200385665893556,47.59038510440774
