,Penalty,Battery Penalty,Reward,Total
0,2.533065688163427,4.078030133259067,42.32795867919922,48.93905450062171
