,Penalty,Battery Penalty,Reward,Total
0,3.8995632133244085,4.173174269067662,38.03027858734131,46.10301606973337
