,Penalty,Battery Penalty,Reward,Total
0,3.433558121695635,3.316129816065685,29.582951068878174,36.33263900663949
