Penalty,Battery Penalty,Reward
2.7904989266014444,3.502311869576848,34.056932576497395
