Penalty,Battery Penalty,Reward
2.906518850720845,3.5941945308162406,34.430369186401364
