Penalty,Battery Penalty,Reward
3.237384268416158,3.6353956384450212,34.836263275146486
