Penalty,Battery Penalty,Reward
2.838758506817921,3.0370619706195208,28.578497950236002
