Penalty,Battery Penalty,Reward
4.100700612329251,2.877295040384308,17.412235069274903
