Penalty,Battery Penalty,Reward
2.873095470687573,1.4425968779975653,10.501363309224446
