Penalty,Battery Penalty,Reward
2.967486178616264,3.678471223686602,35.95427754720052
