Penalty,Battery Penalty,Reward
3.069431618082241,4.422872231505662,43.46216710408529
