Penalty,Battery Penalty,Reward
3.387114118918505,0.774444635736088,2.463189907868703
