Penalty,Battery Penalty,Reward
3.010603455926102,3.8541922707454526,37.724776077270505
