Penalty,Battery Penalty,Reward
4.715488725662487,4.64550631952327,23.54728889465332
