Penalty,Battery Penalty,Reward
2.1691213112213874,3.1396394442233566,30.34514414469401
