Penalty,Battery Penalty,Reward
3.436262805969851,4.030121243397571,40.35223388671875
